url,title,Is Discontinued By Manufacturer,Product Dimensions,Date First Available,Manufacturer,ASIN,Item model number,Country of Origin,Item Weight,Item Dimensions LxWxH,Net Quantity,main_img,image1,image2,image3,image4,image5,image6,image7,image8,image9,image10,list_price,price,discount,description
https://www.amazon.in/Glow-Lovely-Natural-Cream-Ayurvedic/dp/B08H2YZMBG/ref=sr_1_5?crid=XLNL99H54D83&keywords=ayurvedic+face+care&qid=1677937380&sprefix=ayurvedic+face+car%2Caps%2C969&sr=8-5,Glow & Lovely Natural Face Cream Ayurvedic Care+ 50 g,,4.8 x 3 x 14.3 cm; 50 Grams,31 August 2020,"Hindustan Unilever Limited, Hindustan Unilever Ltd., Personal Products Factory, Dag No. 8,9,10,12,13,23,24,44,45 & 47 Of 122, F.S Grant, Mouza-Tingrai, Doomdooma Industrial Estate, Off Nh 37, Dist - Tinsukia, Assam - 786 151.",B08H2YZMBG,12004,India,50 g,48 x 30 x 143 Millimeters,50.0 gram,https://m.media-amazon.com/images/I/51phxE4q-sL._SY355_.jpg,https://m.media-amazon.com/images/I/C1VOJjpS-QS._CR500030003000_UX175.jpg,https://m.media-amazon.com/images/I/C1HnzJJRtSS._CR500030003000_UX175.jpg,,,,,,,,,"₹154
00",154,N/A,"Glow & Lovely Ayurvedic Care + Face cream, formerly known as Fair & Lovely, is a daily moisturiser powered by 16 ingredients to give you a natural glow
It has the goodness of Milk, Chandan and Wheatgerm oil that clears uneven skin tone
Manjistha, Kesar and Lotus clears marks and improves glow
Lodhra, Khas and Neelotpal calms and soothes the skin
Dermatologically tested, does not contain any bleaching agents and is safe to use daily
This is not just a cream, it is an Ayurvedic glow expert"
https://www.amazon.in/Vedix-Customized-Skin-Care-Sensitive/dp/B097MMV3VT/ref=sr_1_6?crid=XLNL99H54D83&keywords=ayurvedic+face+care&qid=1677937380&sprefix=ayurvedic+face+car%2Caps%2C969&sr=8-6,"Vedix Ayurvedic Anti Tan Skin Care Kit for Sensitive Skin, Customized Skin Care (Pack of 3) with Face Wash/Cleanser 100ml + Face Serum 20ml + Moisturizer/Face Cream 40ml For Women & Men",,,18 June 2021,Vedix,B097MMV3VT,,India,420 g,,160.0 millilitre,"https://m.media-amazon.com/images/I/614cTHr93jS._SY355_PIbundle-3,TopRight,0,0_AA355SH20_.jpg",https://m.media-amazon.com/images/I/61qjTVV8tFS._SY355_.jpg,https://m.media-amazon.com/images/I/61VSvu5f4-S._SY355_.jpg,https://m.media-amazon.com/images/I/618MIUTYFNS._SY355_.jpg,https://m.media-amazon.com/images/I/610E8dJ45NS._SX355_.jpg,,,,,,,"₹1,099.00",,N/A,"CUSTOMIZED AYURVEDIC TAN FACIAL KIT FOR SENSITIVE SKIN: Safe and effective skin care Kit for sensitive skin with acne. Facial kit includes a set of 3 products - face cleanser, serum, and moisturizer.
AYURVEDIC FACE Wash: Customized for sensitive skin that gently cleanses and hydrates skin without stripping off its natural oils.
FACE SERUM FOR TANNED SKIN: This serum restores damage caused by suntan, protects skin from harmful UV rays, keeps skin hydrated and brightens uneven skin tone.
AYURVEDIC FACE MOISTURIZER: Customized to suit sensitive skin, the moisturiser soothes and softens skin, provides deep hydration and improves overall skin texture.
BACKED BY AYURVEDIC EXPERTS: Formulated by Ayurvedic Physicians with safe and effective herbal ingredients. Silicone, Paraben, and Sulphate Free formula. Customized products that are 100% safe and effective for your skin."
https://www.amazon.in/Vedix-Customized-Skin-Spots-Pigmentation/dp/B097MN4G8C/ref=sr_1_7?crid=XLNL99H54D83&keywords=ayurvedic+face+care&qid=1677937380&sprefix=ayurvedic+face+car%2Caps%2C969&sr=8-7,"Vedix Ayurvedic Dark Spots & Pigmentation Skin Care Kit for Oily Skin, Customized Skin Care (Pack of 3) with Face Wash/Cleanser 100ml + Face Serum 20ml + Moisturizer/Face Cream 40ml For Women & Men",,,18 June 2021,Vedix,B097MN4G8C,,India,420 g,,160.0 millilitre,https://m.media-amazon.com/images/I/61PM7xywiOS._SY355_.jpg,https://m.media-amazon.com/images/I/61PM7xywiOS._SY355_.jpg,https://m.media-amazon.com/images/I/61cIFxhGipS._SY355_.jpg,https://m.media-amazon.com/images/I/618MIUTYFNS._SY355_.jpg,https://m.media-amazon.com/images/I/61OklxYI5nS._SX355_.jpg,https://m.media-amazon.com/images/I/61sxbgz7v5S._SY355_.jpg,https://m.media-amazon.com/images/I/61LQbNGVTGS._SY355_.jpg,,,,,"₹1,099.00",,N/A,"AYURVEDIC REGIMEN FOR OILY SKIN WITH DARK SPOTS AND PIGMENTATION: Safe and effective skin care Kit for sensitive skin with acne. Facial kit includes a set of 3 products - face cleanser, serum, and moisturizer.
AYURVEDIC FACE WASH FOR THOROUGH CLEANSING: Customized for oily skin, gently cleanses dirt and excess oils from skin while regulating excess sebum production
FACE SERUM FOR DARK SPOTS: This serum helps fade pigmentation and dark spots to soothe acne and irritation. It also lessens the appearance of uneven, hyperpigmented areas while improving uneven skin tone.
NON-GREASY AYURVEDIC FACE MOISTURIZER: Customized to suit oily skin, the non-greasy oil-free formula maintains sufficient moisture and regulates excess sebum.
BACKED BY AYURVEDIC EXPERTS: Formulated by Ayurvedic Physicians with safe and effective herbal ingredients. Silicone, Paraben, and Sulphate Free formula. Customized products that are 100% safe and effective for your skin."
https://www.amazon.in/Blue-Nectar-Vitamin-Hyaluronic-Glowing/dp/B08LVT5MTL/ref=sr_1_8?crid=XLNL99H54D83&keywords=ayurvedic+face+care&qid=1677937380&sprefix=ayurvedic+face+car%2Caps%2C969&sr=8-8,"Blue Nectar Ayurvedic Vitamin C Face Serum for Glowing Skin | 100% Natural Hyaluronic Acid Serum (9 Herbs, 30 Ml)",,4 x 4 x 6 cm; 28.35 Grams,26 October 2020,"FCSBRS030HAC, Sanjivan Anusandhan Pvt. Ltd.",B08LVT5MTL,FCSBRS030HAC,India,28.3 g,40 x 40 x 60 Millimeters,30.0 millilitre,https://m.media-amazon.com/images/I/51qKSa9yXUL._SY355_.jpg,https://m.media-amazon.com/images/I/71nwbX8OROL._CR020412241224_UX175.jpg,https://m.media-amazon.com/images/I/81qk8atZCfL._CR020412241224_UX175.jpg,,,,,,,,,₹515.00,,N/A,"20X MORE VITAMIN C- This face serum harnesses the power of Amla Oil. Amla (Indian Gooseberry) has 20 times more Vitamin C as compared to an orange thus making it perfect for dark spot reduction. Power of Amla in this serum helps fade dark spots within 30 days*
DARK SPOT REDUCTION- Dark spots occur due to aggravated Pitta Dosha i.e. increased heat in the body while Vitamin C acts as coolant and helps to balance Pitta Dosha and hence helps in fading dark spots. Amla is a storehouse of natural Vitamin C. It helps in dark spot reduction and redness, while strengthening the skins barrier.
INTENSE HYDRATION- Enriched with plant based Hyaluronic Acid, this Vitamin C serum for face instantly hydrates and plumps up the skin. Dehydrated skin is one of the main causes of wrinkles, this Hyaluronic Acid Serum replenishes lost moisture effectively reducing the appearance of fine lines. A natural hyaluronic acid moisturizer – your skin will thank you for that!
SKIN LOVING HERBS - Our face serum for women and men is gentle on skin as it is formulated with 9 skin rejuvenating herbs like Amalaki Oil, Wheat Germ Oil, Almond & Olive Oil, Sunflower Oil, Lemon-grass Oil, Sesame Oil, Vitamin E & Hyaluronic Acid (Plant Based). This concoction of all natural ingredients if effective for a natural skin glow and a youthful appearance of your skin.
FAST ABSORBING, LIGHT & NON- GREASY- The light-weight formula of this Vit C serum for face absorbs quickly into the skin, making the skin look radiant and plump instantly. This Vitamin C face serum for glowing skin is proven safe for all skin types i.e., Oily skin, normal skin, dry skin & sensitive skin. It is great for use as daily face serum for men and women both."
https://www.amazon.in/Ayurvedic-Enriched-thickening-ingredients-Nourishing/dp/B09GYM9RPZ/ref=sr_1_10?crid=XLNL99H54D83&keywords=ayurvedic+face+care&qid=1677937380&sprefix=ayurvedic+face+car%2Caps%2C969&sr=8-10,"Veda5 Ayurvedic Moor & Seaweed Face Pack Powder (Enriched with Lemon) | For Face Mask, Skincare, Hair care, Reduces Wrinkles & signs of aging; Promotes Hair thickening | 100% natural ingredients | Hydrates & Nourishing, 100g - Himalayan Naturals",,8 x 2 x 8 cm; 100 Grams,30 September 2021,"Veda5 Wellness (Pharmacy Div) P.O Maral, Pauri Garhwal, Uttarakhand, info@veda5naturals.com",B09GYM9RPZ,,India,100 g,8 x 2 x 8 Centimeters,100.0 gram,https://m.media-amazon.com/images/I/511IFoEjnYL._SY355_.jpg,https://m.media-amazon.com/images/I/511IFoEjnYL._SY355_.jpg,https://m.media-amazon.com/images/I/61PKNQKPpmL._SY355_.jpg,https://m.media-amazon.com/images/I/61vBEUohxKL._SY355_.jpg,https://m.media-amazon.com/images/I/51+QPxS+OFL._SY355_.jpg,https://m.media-amazon.com/images/I/61dFv59CMbL._SY355_.jpg,https://m.media-amazon.com/images/I/61mADlTAUbL._SY355_.jpg,,,,,"₹360
00",360,-10%,"The Veda5 Ayurvedic Moor & Seaweed Powder (Enriched with Lemon) Powder Face Mask deeply cleanses the skin and provides your skin a healthy shine.
In addition, it helps in cleansing your skin, getting rid of dead skin cells, absorbing excess oil and extracts toxins and impurities located deep in the skin layers.
100% certified: made in India at our GMP (good manufacturing practices) certified facility. There are no chemical preservatives, and the product is gmo and cruelty-free.
To use, combine Veda5 Ayurvedic Moor & Seaweed Powder (Enriched with Lemon) Powder in a dish. Slowly pour in the water and thoroughly mix it up. Make a paste that is not too thick, not too watery, and not too lumpy. The consistency should be sufficient to spread smoothly across your skin. Apply this paste to your skin and let it on for 15-20 minutes, or until it dries. Once the mask has dried, rinse it off with lukewarm water."
https://www.amazon.in/Ayushoppee-Anti-Ageing-Pigmentation-Sandalwood-Niacinamide/dp/B0B6RS1N87/ref=sr_1_11?crid=XLNL99H54D83&keywords=ayurvedic+face+care&qid=1677937380&sprefix=ayurvedic+face+car%2Caps%2C969&sr=8-11,"Ayushoppee Ayurvedic Kumkumadi Chandan Glowing Face, Anti-Ageing, and Pigmentation with Saffron and Red Sandalwood Tailam Face Serum with Niacinamide and Vitamin C & Vitamin B3 - Women and Men, 30 ml",,9.5 x 3.8 x 3.8 cm; 90 Grams,16 July 2022,"Ocean Biocare Pharmaceuticals, Ocean Biocare Pharmaceuticals, 4, Fajilpur, Gurugram, Haryana, India 122101",B0B6RS1N87,,India,90 g,9.5 x 3.8 x 3.8 Centimeters,30.0 millilitre,https://m.media-amazon.com/images/I/41-bUlFDhSL._SY550_.jpg,https://m.media-amazon.com/images/I/51RnoU2Pb2L._SY355_.jpg,https://m.media-amazon.com/images/I/61tMqY4lbUL._SY355_.jpg,https://m.media-amazon.com/images/I/61QtdknP-oL._SY355_.jpg,https://m.media-amazon.com/images/I/51l2-u0DusL._SY355_.jpg,https://m.media-amazon.com/images/I/61pQvS9ysoL._SY355_.jpg,,,,,,"₹399
00",399,-33%,"PROMOTES COLLAGEN PRODUCTION
Brand : Ayushoppee
Scent Vitamin C,Chandan,Niacinamide"
https://www.amazon.in/Vedix-Customised-Ayurvedic-Yavishta-Bakuchiol/dp/B09XF7WYG4/ref=sr_1_12?crid=XLNL99H54D83&keywords=ayurvedic+face+care&qid=1677937380&sprefix=ayurvedic+face+car%2Caps%2C969&sr=8-12,"Vedix Face Serum, Customised Ayurvedic Yavishta Age Bloc Face Serum for Women, With Bakuchiol + HA + 24K Nano Gold - 30 ml",,10 x 10 x 10 cm; 90 Grams,7 April 2022,,B09XF7WYG4,,India,90 g,10 x 10 x 10 Centimeters,30.0 millilitre,https://m.media-amazon.com/images/I/61M4YL0ifxL._SY355_.jpg,https://m.media-amazon.com/images/I/61M4YL0ifxL._SY355_.jpg,https://m.media-amazon.com/images/I/617qfRpCinL._SY355_.jpg,https://m.media-amazon.com/images/I/61bMUozwskL._SY355_.jpg,https://m.media-amazon.com/images/I/615WTxlm6CL._SY355_.jpg,https://m.media-amazon.com/images/I/61v-lnIroLL._SY355_.jpg,https://m.media-amazon.com/images/I/61K1ZQlJvcL._SY355_.jpg,,,,,"₹429
00",429,-14%,"THE MAGIC OF NANO GOLD FOR SKIN: Gold is an element with strong antioxidant properties that help keep skin youthful and radiant
KEEP FINE LINES AT BAY: Bakuchiol, also known as a natural retinol alternative, is an excellent ingredient that keeps fine lines and wrinkles away.
DEEPLY HYDRATES DRY SKIN: Hyaluronic Acid draws water from the deep layers of skin and keeps the dry facial skin moisturized.
LIGHTWEIGHT & NON-GREASY: The serum feels light on the skin and is quickly absorbed into the skin, to start working wonders for your skin!
BACKED BY AYURVEDIC SKIN EXPERTS: 100% safe and effective customized Ayurvedic products formulated by Ayurvedic Doctors. Silicone, Paraben and Sulfate Free."
https://www.amazon.in/SBM-Civettina-Ayurvedic-Face-Pack/dp/B08F3N4PXC/ref=sr_1_13?crid=XLNL99H54D83&keywords=ayurvedic+face+care&qid=1677937380&sprefix=ayurvedic+face+car%2Caps%2C969&sr=8-13,SBM Ayur Civettina - Ayurvedic Face Pack 50g,,,1 August 2020,Sri Bhagavathy Madom Ayurveda Nikethanam,B08F3N4PXC,,India,80 g,,50.0 gram,https://m.media-amazon.com/images/I/61JZiYHL6VL._SY355_.jpg,https://m.media-amazon.com/images/I/91T3RzAmDqL._SY355_.jpg,https://m.media-amazon.com/images/I/81DLxnZLYbL._SY355_.jpg,https://m.media-amazon.com/images/I/61JZiYHL6VL._SY355_.jpg,https://m.media-amazon.com/images/I/71vNrXHff0L._SY355_.jpg,https://m.media-amazon.com/images/I/81ypHUCjDzL._SY355_.jpg,,,,,,₹306.00,,N/A,"PURPOSE : Use to improve skin problems like Pimples, Acne, Pigmentation, Wrinkles, Sun tanning, Freckles, Chickenpox scars.
INGREDIENTS : Ficus benghalensis, Pterocarpus santalinus, Symplocos racemosa, Rubia cordifolia, Red ochre, Portulaca oleracea.
BENEFITS : Suitable for all ages and all skin types. Made from pure & natural ingredients. Addresses all skin problems depending on the method of use. Free from chemicals usually added to give colour and fragrance to face pack.
USAGE : SBM Ayur CIVETTINA is a single solution addressing multiple skin problems depending on the mode of use. Mix one tablespoon of SBM Ayur CIVETTINA in the desired medium as listed below according to your specific requirements/ skin problems. Apply evenly on face and neck region. Leave it for 15 minutes and wash off with plain water.
Pimples, Wrinkles & Pigmentation : Potato juice/ Tomato juice/ Sour buttermilk/ for better results in your own first urine of the day collected at 4.30 am in morning. Oily Skin : Tomato juice/ Potato juice/ Cucumber juice/ Buttermilk/ Plain water. Dry Skin : Curd/ Milk/ Honey/ Milk + Honey (1: 1). Normal Skin : Honey & Lemon/ Buttermilk/ Coconut milk/ Tomato juice/ Cucumber juice/ Curd/ Plain water.
DURATION : Daily usage is recommended."
https://www.amazon.in/Blue-Nectar-Ayurvedic-Saffron-Sandalwood/dp/B0743BBC8K/ref=sr_1_14?crid=XLNL99H54D83&keywords=ayurvedic+face+care&qid=1677937380&sprefix=ayurvedic+face+car%2Caps%2C969&sr=8-14,"Blue Nectar Ayurvedic Anti Aging Cream For Women For Collagen Boost And Deep Moisturizer For Face | Naturally Skin Firming Face Cream (14 Herbs, 50G)",No,7.5 x 7.5 x 7.5 cm; 50 Grams,19 July 2017,"Sanjivan Anusandhan Pvt Ltd, Sanjivan Anusandhan Pvt Ltd, 1880,HSIIDC,Sonepat,Haryana",B0743BBC8K,FCSAAC050SSW,India,50 g,7.5 x 7.5 x 7.5 Centimeters,50 gram,https://m.media-amazon.com/images/I/51Uzh9NEsqL._SY355_.jpg,https://m.media-amazon.com/images/I/51-E9s4EfqL._SY355_.jpg,https://m.media-amazon.com/images/I/61P00djajRL._SY355_.jpg,https://m.media-amazon.com/images/I/51UkOQPUyUL._SY355_.jpg,https://m.media-amazon.com/images/I/61gga93Vp0L._SY355_.jpg,https://m.media-amazon.com/images/I/51Uzh9NEsqL._SY355_.jpg,https://m.media-amazon.com/images/I/51Y33lo11-L._SY355_.jpg,,,,,₹820.00,,N/A,"NATURAL COLLAGEN BOOSTER- Saffron in combination with Natural Vitamin C help boost collagen levels naturally whilst plumping and hydrating the skin. This moisturizer for face is infused with Indian Madder, a natural astringent, that helps in skin firming.
ANTI- AGING CREAM FOR WOMEN - This collagen cream offers a blend of skin rejuvenating herbs that help smoothen the appearance of wrinkles and fine lines while restoring skin's youthful plumpness. Cedarwood Oil balances Vata and Kapha properties, providing nourishment and moisturization to the skin.
DAILY USE DAY & NIGHT FACE CREAM – A versatile daily use cream that can be used as a day cream or as a night cream, making your skin feel smoother, supple, and softer. Powered with rejuvenating herbs like Cedarwood, Almond Extract, Liquorice etc this face cream for women helps replenish moisture and restores skin elasticity.
REFINES FINE LINES & WRINKLES- This wrinkle lift anti-ageing cream helps in retaining skin firmness by refining the fine lines and wrinkles. It replenishes your skin with collagen and essential moisture for a fuller appearance of skin.
DEEP HYDRATION- The face cream contains an exceptional concoction of exotic oils like Sandalwood Oil, Almond Oil, & Wheat Germ Oil to provide extra nourishment. This powerful blend of natural ingredients in this face moisturizer is effective for a natural skin glow and a youthful appearance of your skin.
SKIN LOVING INGREDIENTS – The face moisturizer for women is gentle on skin, great for daily use, formulated with 13 skin rejuvenating herbs like Aloe Vera, Sandalwood Oil, Turmeric, Indian Madder, Almond Oil for skin and Sesame Oil etc. An ideal face massage cream that strengthens the moisture barrier and hydrates the skin without clogging pores.
FAST ABSORBING, LIGHT & NON- GREASY- The light-weight formula of this face cream for women absorbs quickly into the skin, leaving it hydrated & supple with a brighter complexion. Suitable face cream for oily skin, dry skin & combination skin type. No Parabens. No Sulphates. No Mineral Oil. No Animal Testing."
https://www.amazon.in/KUMKUMADI-BRIGHTENING-AYURVEDIC-FACE-SCRUB/dp/B08Y6Q7MLY/ref=sr_1_15?crid=XLNL99H54D83&keywords=ayurvedic+face+care&qid=1677937380&sprefix=ayurvedic+face+car%2Caps%2C969&sr=8-15,KUMKUMADI BRIGHTENING AYURVEDIC FACE SCRUB | Pigmentation and tightens pores | 100g,,,6 March 2021,Mana Ayurvedam,B08Y6Q7MLY,,India,100 g,,100.0 gram,https://m.media-amazon.com/images/I/71mbtPRTDuL._SY355_.jpg,https://m.media-amazon.com/images/I/71ODgGNKGDL._SY355_.jpg,https://m.media-amazon.com/images/I/71mbtPRTDuL._SY355_.jpg,https://m.media-amazon.com/images/I/81XrhMsM9TL._SY355_.jpg,https://m.media-amazon.com/images/I/71dAhDaceLL._SY355_.jpg,https://m.media-amazon.com/images/I/91JmGdDMuNL._SY355_.jpg,,,,,,"₹895
00",895,N/A,"Removes dead skin cells.
Illuminates complexion, smooth fine lines.
Minimise fine lines and signs of aging.
Lightens pigmentation, dark spots and marks.
Moisturises & Smoothen."
https://www.amazon.in/HAPDCO-Aqui-Plus-Ayurvedic-Cream/dp/B09RDXBR4T/ref=sr_1_16?crid=XLNL99H54D83&keywords=ayurvedic+face+care&qid=1677937380&sprefix=ayurvedic+face+car%2Caps%2C969&sr=8-16,"HAPDCO Aqui Plus Ayurvedic Cream 25gm (Pack of 4) - Ayurvedic Safe & Effective Cream for Acne, Pimples & Blackheads",,10 x 2 x 10 cm; 170 Grams,28 January 2022,HAPDCO,B09RDXBR4T,,India,170 g,10 x 2 x 10 Centimeters,100.0 gram,https://m.media-amazon.com/images/I/51CAv84HmeL._SX450_.jpg,https://m.media-amazon.com/images/I/31ebSnRZSnL._SX466_.jpg,https://m.media-amazon.com/images/I/31URZ4xZV4L._SX450_.jpg,,,,,,,,,"₹370
00",370,-16%,"Hapdco Herbal Brand Product
Composition :- Hemidesmus indicus, Boerhaavia diffusa,Cucuma longa, Citrus medica,Terminalia chebula,Tephrosia purpurea,Azadirachta indica,Tinospora cordifolia,Rosa centifolia,Mallotus philippinesis
For Acne and Pimples; Ayurvedic Product
How To Use:- Moisten face and apply Aqui Plus face wash on face to create lather and then rinse-off with water
Target Gender: Unisex"
https://www.amazon.in/Just-Herbs-Advanced-Ayurvedic-Treatment/dp/B00NMKTU10/ref=sr_1_17?crid=XLNL99H54D83&keywords=ayurvedic+face+care&qid=1677937380&sprefix=ayurvedic+face+car%2Caps%2C969&sr=8-17,"Just Herbs Advanced Ayurvedic Face Pack Prevents Pores Enlargement, Acne & Pimples, Suitable For All Skin Types",No,15 x 15 x 10 cm; 65 Grams,22 September 2017,"Apcos Naturals Pvt Ltd, Apcos Naturals Pvt Ltd, Plot no 202 , Industrial Focal Point, Phase 9 Mohali 160062, 0172 -5027145",B00NMKTU10,JUSTHERBS33,India,65 g,15 x 15 x 10 Centimeters,65.0 gram,https://m.media-amazon.com/images/I/61NyiVJoQ5L._SX466_.jpg,https://m.media-amazon.com/images/I/6110RFgEogL._SX466_.jpg,https://m.media-amazon.com/images/I/51Pe9g8g0+L._SX466_.jpg,https://m.media-amazon.com/images/I/61NyiVJoQ5L._SX466_.jpg,,,,,,,,₹544.00,,N/A,N/A
https://www.amazon.in/Ayurvedic-Licorice-Collagen-Pigmentation-Hydrating/dp/B09NKNFS72/ref=sr_1_18?crid=XLNL99H54D83&keywords=ayurvedic+face+care&qid=1677937380&sprefix=ayurvedic+face+car%2Caps%2C969&sr=8-18,"Botanic Rain Ayurvedic Face Serum For Anti Aging, Wrinkles | Natural Organic Vitamin C Serum With Gotukola, Licorice For All Skin Types 15 ml",,2.8 x 2.8 x 10.7 cm; 59 Grams,6 December 2021,"Botanic Rain, Sanjivan Anusandhan Pvt. Ltd, care@botanicrain.co, +918766245532",B09NKNFS72,Noor,India,59 g,28 x 28 x 107 Millimeters,15.0 millilitre,https://m.media-amazon.com/images/I/819CL+RQpbL._SY355_.jpg,https://m.media-amazon.com/images/I/819CL+RQpbL._SY355_.jpg,https://m.media-amazon.com/images/I/81MQDnO3ERL._SY355_.jpg,https://m.media-amazon.com/images/I/916sN8JBL2L._SY355_.jpg,https://m.media-amazon.com/images/I/81Eves7OyxL._SY355_.jpg,https://m.media-amazon.com/images/I/81U2RfOIilL._SY355_.jpg,https://m.media-amazon.com/images/I/81nUrS4SUxL._SY355_.jpg,,,,,"₹699
00",699,-30%,"Collagen Boosting - Vitamin c face serum with in Hibiscus helps in collagen synthesis to tighten skin, hence making it a all natural face serum vitamin c for glowing skin. Gotukola also boosts collagen thus delaying wrinkles & pigmentation in this face serum for men. Hydrating face serum for glowing skin filled with antioxidants fights against free radicals that cause ageing.
Anti Aging Serum - Safflower with natural vitamin E protects cells in the skin from sunlight damage. Gotu Kola extract in face serum for women reduces hyperpigmentation making your skin radiant. Licorice removes excess melanin preventing new spots and removing the old ones. Ayurveda face oil for dry skin leads to reduction in wrinkles, blemishes & dark spots
Promotes Even Skin Tone - This hydrating serum for face fights sunspots, brown spots, acne marks & age spots providing you with an even skin tone. Hibiscus astringent property controls the excess secretion of oil by tightening the pores making the skin firm for a younger look. Grapeseed oil in this pigmentation serum naturally evens out the skin tone
For dry, normal, combination & sensitive skin - This face oil for glowing skin removes appearance of marks by acne & blemish due to Vetiver root present in it. This serum for skin is suitable for all types of skin due to the organic ingredients present in it. This lightweight face serum for dry skin gets absorbed into the skin quickly giving you a fresher look
No Harmful Chemicals - With all the ayurvedic ingredients serum for dry skin for wrinkles is free from all chemicals, paraben, silicone & sulfates. Use this pure vitamin c facial oil for acne as a part of your daily routine after cleansing & toning to provide the required nourishment to your skin. This vitamin c serum face for mature skin is exactly what your glowing skin needs to moisturize & nourish itself"
https://www.amazon.in/Medimix-Ayurvedic-Every-Day-Face-Scrub-Face-Wash-100ml/dp/B07M77DJFD/ref=sr_1_19?crid=XLNL99H54D83&keywords=ayurvedic+face+care&qid=1677937380&sprefix=ayurvedic+face+car%2Caps%2C969&sr=8-19,"Medimix Ayurvedic Everyday Face Scrub, 100ml",,17 x 6 x 8 cm; 100 Grams,31 December 2017,"CHOLAYIL PRIVATE LIMITED, CHOLAYIL PRIVATE LIMITED, CHOLAYIL PRIVATE LIMITED , 1/106, Srikalahasti Road, Tada, Andhra Pradesh-524401; 086232 49346",B07M77DJFD,B07M77DJFD,India,100 g,17 x 6 x 8 Centimeters,120.0 millilitre,https://m.media-amazon.com/images/I/51VTBca4C3L._SY355_.jpg,https://m.media-amazon.com/images/I/619WJfV4TjL._SY355_.jpg,https://m.media-amazon.com/images/I/71+oGy6U6PL._SY355_.jpg,https://m.media-amazon.com/images/I/51VTBca4C3L._SY355_.jpg,https://m.media-amazon.com/images/I/6109b63izBL._SY355_.jpg,https://m.media-amazon.com/images/I/71AeRrwKIIL._SY355_.jpg,https://m.media-amazon.com/images/I/71luVpqampL._SY355_.jpg,https://m.media-amazon.com/images/I/71cnu75lVjL._SY355_.jpg,,,,"₹100
00",100,-17%,"For Clear and Radiant Skin use Medimix Everyday Face Scrub
Refreshing Aloe Vera retains moisture and helps clear blemishes.
Lemon acts as a natural anti-microbial agent to give you healthy skin.
Ingredients: Aloe Vera and Lemon
Also Available in: 100ml - Pack of 1, Pack of 2 and Pack of 3; 50ml - Pack of 1, Pack of 2, Pack of 3 and Pack of 4"
https://www.amazon.in/Vedix-Face-Moisturiser-Brightening-Niacinamide/dp/B09W57JC6K/ref=sr_1_20?crid=XLNL99H54D83&keywords=ayurvedic+face+care&qid=1677937380&sprefix=ayurvedic+face+car%2Caps%2C969&sr=8-20,"Vedix Face Moisturiser - Samvah ProGlow Brightening Ayurvedic Face Moisturiser - For Oily Skin With Amla, Oats & Niacinamide - 100ml",,,22 March 2022,Vedix,B09W57JC6K,,India,140 g,,100.0 millilitre,https://m.media-amazon.com/images/I/71zvV4WWgnL._SY355_.jpg,https://m.media-amazon.com/images/I/61-PQDiD40L._SY355_.jpg,https://m.media-amazon.com/images/I/71zvV4WWgnL._SY355_.jpg,https://m.media-amazon.com/images/I/51SKhnSJyZL._SY355_.jpg,https://m.media-amazon.com/images/I/612gW66UlVL._SY355_.jpg,,,,,,,"₹349
00",349,-22%,"RADIANT AND BRIGHT LOOKING SKIN: Get ready for an energizing & refreshing feeling! Niacinamide and oats instantly help hydrate and give skin a youthful glow
DEEPLY HYDRATES DRY SKIN: Hyaluronic Acid draws water from the deep layers of skin and keeps the dry facial skin moisturized
IMPROVES SKIN TONE: The unique formula of Ayurvedic ingredients helps even out skin tone and improve texture
QUICK ABSORPTION FORMULA: The unique blend of Ayurvedic ingredients allows the moisturizer to get quickly absorbed into the skin for deep moisturization
BACKED BY AYURVEDIC SKIN EXPERTS: 100% safe and effective customized Ayurvedic products formulated by Ayurvedic Doctors. Silicone, Paraben and Sulfate Free"
https://www.amazon.in/Botanic-Rain-Ayurvedic-Moisturizer-Sunscreen/dp/B09MZQP8Q5/ref=sr_1_25?crid=XLNL99H54D83&keywords=ayurvedic+face+care&qid=1677937380&sprefix=ayurvedic+face+car%2Caps%2C969&sr=8-25,"Botanic Rain Ayurvedic Face Cream With SPF 30, Natural Organic Face Cream For Fine Lines & Wrinkles With Rose And Eladi For Every Skin Type - 50 gms",,6.3 x 6.3 x 8 cm; 50 Grams,1 December 2021,,B09MZQP8Q5,Kundana,India,50 g,6.3 x 6.3 x 8 Centimeters,50.0 gram,https://m.media-amazon.com/images/I/81la6rydBAL._SY355_.jpg,https://m.media-amazon.com/images/I/81RDnJI1UnL._SY355_.jpg,https://m.media-amazon.com/images/I/81ZkpXKDFzL._SY355_.jpg,https://m.media-amazon.com/images/I/81SB6yBmOZL._SY355_.jpg,https://m.media-amazon.com/images/I/910tPZf9O3L._SY355_.jpg,https://m.media-amazon.com/images/I/81SdqTsC9dL._SY355_.jpg,https://m.media-amazon.com/images/I/81la6rydBAL._SY355_.jpg,,,,,"₹799
00",799,-33%,"Protects Against UVA & B Rays - Natural moisturizer for face prevents UV damage & keeps you looking young & radiant with Yashad Bhasma which is a natural alternative to chemical SPF. The active ingredients present are rich in vitamins C & E preventing skin damage by neutralizing the free radicals & UV rays in this face moisturizer for women.
Anti Aging Benefits - Grape seed plays an essential role in softening and hydrating the skin with this natural face cream for women. Cruelty free spf moisturizer for dry skin imparts a glow to your face daily to prevent early signs of aging. Clove in our anti aging cream for women removes the dead skin cells ensuring a youthful & radiant looking skin.
Fights Free Radicals - Coriander with antioxidants to fight free radicals thus delaying the signs of ageing. Face cream for men provides all day moisturizing, nourishment & protection. Sarsaparilla evens out the skin tone & smoothen out the texture, it also acts as to give glow to the skin with this pigmentation removal cream.
Organic Natural Ingredients - This face moisturizer for men is made out of natural ingredients free from paraben, sulfates & many other potentially harmful chemicals. Our sun cream for men have the high concentration of natural ingredients & is pH balanced. This herbalday cream for women daily use has heavenly aroma to give you an energizing & refreshing feeling.
Suitable For All Skin Types - The organic pigmentation cream is dermatologically checked and is suitable for all skin types including oily, dry, combination skin. This spf 30 sun cream gets absorbed quickly & gives deep nourishment. Natural moisturizer for men is to be used to daily for the best results."
https://www.amazon.in/Botanic-Rain-Ayurvedic-Moisturizer-Pigmentation/dp/B09MT9KKV1/ref=sr_1_26?crid=XLNL99H54D83&keywords=ayurvedic+face+care&qid=1677937380&sprefix=ayurvedic+face+car%2Caps%2C969&sr=8-26,"Botanic Rain Ayurvedic Face Cream With Jasmine Neroli, Natural Organic Anti Aging Night Face Cream For All Skin Types - 50 gms",,6.3 x 6.3 x 8 cm; 50 Grams,1 December 2021,"Sanjivan Anusandhan Pvt. Ltd, care@botanicrain.co, +918766245532, Sanjivan Anusandhan Pvt. Ltd, care@botanicrain.co, +918766245532",B09MT9KKV1,Revathi,India,50 g,6.3 x 6.3 x 8 Centimeters,50.0 gram,https://m.media-amazon.com/images/I/61tbX2Xla5L._SY355_.jpg,https://m.media-amazon.com/images/I/61tbX2Xla5L._SY355_.jpg,https://m.media-amazon.com/images/I/91xwGniNWmL._SY355_.jpg,https://m.media-amazon.com/images/I/91alZ0LI9RL._SY355_.jpg,https://m.media-amazon.com/images/I/81scGBwxj5L._SY355_.jpg,https://m.media-amazon.com/images/I/71Q7nDDjvKL._SY355_.jpg,https://m.media-amazon.com/images/I/91SGDXwRX2L._SY355_.jpg,,,,,"₹799
00",799,-33%,"Enhances Collagen Production - This pure ayurveda moisturizer for face fights signs of ageing. Face moisturizer for women firms & tightens the skin, making it look soft & even toned. The ingredients in face cream for women works in harmony, reducing the signs of ageing for a younger looking face.
Fades Dark Spots & Makes Your Skin Glow - Herbal moisturizer for dry skin, oily, combination skin types is suitable for all seasons summer & winter. anti aging cream for women restricts dark spots, patches, thereby offering an even skin tone. face cream for men helps in decreasing melanin production & giving the skin a radiant glow.
Delay Early Signs Of Ageing - This pigmentation removal cream combines the power 16 natural anti aging ingredients known for their anti wrinkle & skin firming properties. face moisturizer for men with Haritaki provides nourishment and freshness to the skin. Organic ingredients in ayurvedic pigmentation cream help your skin fight fine lines, dark spots, and wrinkles no matter your age.
Suitable For All Skin Types - Moisturizer for men with wild turmeric delays ageing signs by keeping your skin supple, soft & giving youthful appearance. The dark spot removal cream for women is dermatologically checked & is suitable for all skin types. Light yet nourishing dry skin moisturizer for face pampers & protects your skin with chosen ayurvedic ingredients.
Dermatologically Checked - Herbal face moisturizer for dry skin is free from sulfates, parabens, SLS, petroleum. Our night cream for women anti ageing for hyperpigmentation & dark spots is cleared by ministry of Ayush to contain organic ayurvedic products."
https://www.amazon.in/BoroPlus-Antiseptic-Non-sticky-moisturisation-Ayurvedic/dp/B0B8QG4K3G/ref=sr_1_27?crid=XLNL99H54D83&keywords=ayurvedic+face+care&qid=1677937380&sprefix=ayurvedic+face+car%2Caps%2C969&sr=8-27,"BoroPlus Soft Antiseptic Cream | Light & Non-sticky | Provides 24 hour moisturisation|Ayurvedic Cream for all seasons |Hand Cream, Body Cream & Face Cream | Vitamin E - 200 ml",,8 x 6.5 x 8 cm; 200 Grams,4 August 2022,"Emami Limited, 1. “EPIP Complex”, Amingaon, Guwahati-781031 (Assam) 2. Plot No. 40-41, Sector 5, IIE, SIDCUL, Pantnagar, Dist: U.S. Nagar, Uttarakhand, Pin- 263153",B0B8QG4K3G,8901248101585,India,200 g,8 x 6.5 x 8 Centimeters,200.0 gram,https://m.media-amazon.com/images/I/614aXmJMdlL._SY355_.jpg,https://m.media-amazon.com/images/I/710839B-A0L._CR020412241224_UX175.jpg,,,,,,,,,,"₹202
00",202,-35%,"Light texture, Non-Sticky, Non-Oily
Fast absorption
Enriched with Fruit Water + Vitamin E + 10 Super herbs
24 hour moisturation
For Face, Hands"
https://www.amazon.in/Medimix-Ayurvedic-Every-Day-Face-Scrub-100-Pack/dp/B07CVCQLTX/ref=sr_1_28?crid=XLNL99H54D83&keywords=ayurvedic+face+care&qid=1677937380&sprefix=ayurvedic+face+car%2Caps%2C969&sr=8-28,"Medimix Ayurvedic Everyday Face Scrub, 100ml (Pack of 2)",,17 x 6 x 8 cm; 200 Grams,3 May 2018,"CHOLAYIL PRIVATE LIMITED, CHOLAYIL PRIVATE LIMITED , 1/106, Srikalahasti Road, Tada, Andhra Pradesh-524401; 086232 49346",B07CVCQLTX,MDX-EVEDAY-FS-002,India,200 g,17 x 6 x 8 Centimeters,200.0 millilitre,"https://m.media-amazon.com/images/I/71oAbbqSwML._SY450_PIbundle-2,TopRight,0,0_SX340SY450SH20_.jpg",https://m.media-amazon.com/images/I/71oAbbqSwML._SY450_PIbundle-2TopRight00_SX340SY450SH20_.jpg,,,,,,,,,,"₹192
00",192,-20%,"For Clear and Radiant Skin use Medimix Everyday Face Scrub
Refreshing Aloe Vera retains moisture and helps clear blemishes.
Lemon acts as a natural anti-microbial agent to give you healthy skin.
Ingredients: Aloe Vera and Lemon
Also Available in: 100ml - Pack of 1, Pack of 2 and Pack of 3; 50ml - Pack of 1, Pack of 2, Pack of 3 and Pack of 4
Best Before 24 months from the date of Manufacture"
https://www.amazon.in/Boro-Plus-Boroplus-Antiseptic-Cream/dp/B07F7DHFS7/ref=sr_1_29?crid=XLNL99H54D83&keywords=ayurvedic+face+care&qid=1677937380&sprefix=ayurvedic+face+car%2Caps%2C969&sr=8-29,"BoroPlus Antiseptic Cream Provides 24hrs Moisturisation Ayurvedic Cream for all Aeasons Hand Cream, Body Cream & Face Cream, Moisturises Dry Skin with Goodness of Neem, Tulsi and Aloe Vera, 120ml",,17.5 x 22.8 x 55.1 cm; 120 Grams,3 July 2018,"Emami Limited, EMAMI LIMITED - Plot No. 40-41, Sector 5, IIE, SIDCUL, Pantnagar, Dist: U.S.Nagar, Uttarakhand, Pin-263153.; CONTACT DETAILS - 03366136264, 03366136600, contact@emamigroup.com",B07F7DHFS7,8901248101417,India,120 g,17.5 x 22.8 x 55.1 Centimeters,120.0 millilitre,https://m.media-amazon.com/images/I/615s1CIOdzL._SY355_.jpg,https://m.media-amazon.com/images/I/61baJzqLQNL._SY355_.jpg,https://m.media-amazon.com/images/I/61VLj7jloML._SY355_.jpg,https://m.media-amazon.com/images/I/615-J-MeynL._SY355_.jpg,https://m.media-amazon.com/images/I/61nSRICKLSL._SY355_.jpg,https://m.media-amazon.com/images/I/61gwzGqLcvL._SY355_.jpg,https://m.media-amazon.com/images/I/615s1CIOdzL._SY355_.jpg,,,,,"₹130
00",130,-30%,"Ayurvedic antiseptic ointment for healing and repairing skin
Contains natural oils and a blend of precious herbs
Medicated ointment – safe to use on all skin types
Keeps skin soft and prevents dry and chapped skin
Can be applied in case of cuts, scratches, minor wounds and burns
Can be used as an antiseptic cream, night cream, heel repair cream or lip care solution
Country of Origin: India"
https://www.amazon.in/Just-Herbs-Apricot-Invigorating-Radiance/dp/B07CG6Z2B5/ref=sr_1_30?crid=XLNL99H54D83&keywords=ayurvedic+face+care&qid=1677937380&sprefix=ayurvedic+face+car%2Caps%2C969&sr=8-30,"Just Herbs Ayurvedic Apricot Exfoliating Face Scrub for Dry, Dead & Flaky Skin | SLS & Paraben Free Scrub for Men & Women",No,6.2 x 6.2 x 5.9 cm; 100 Grams,15 June 2018,Apcos Natural,B07CG6Z2B5,JH/ASP,India,100 g,6.2 x 6.2 x 5.9 Centimeters,100.0 gram,https://m.media-amazon.com/images/I/61+Vt5dAQOL._SX355_.jpg,https://m.media-amazon.com/images/I/B1CQMmuL2iS._CR408024482448_UX175.jpg,https://m.media-amazon.com/images/I/B1OJSfhVOoS._CR408024482448_UX175.jpg,,,,,,,,,"₹556
00",556,-30%,"Skin Type: Suitable For Normal to Dry Skin Type
Size Quantity: 100 g
List of included items: 1 apricot sparkle invigorating skin radiance scrub
Usage: Massage on face and neck with fingertips in circular strokes. Wash off with lukewarm water followed by a cold splash and pat dry. Use once or twice a week. (Avoid scrubbing pimples)
Free from petrochemicals, parabens, SLS/SLES PEG/PPG, Genetically modified ingredients(GMO) and other harmful synthetic ingredients"
https://www.amazon.in/Mylo-Veda-Kumkumadi-enriched-Saffron/dp/B093WYXPKV/ref=sr_1_31?crid=XLNL99H54D83&keywords=ayurvedic+face+care&qid=1677937380&sprefix=ayurvedic+face+car%2Caps%2C969&sr=8-31,"Mylo Care Veda Kumkumadi Face Serum, Herbal Face Oil, Face Brightening Serum For Pigmentation, Hydration, Ayurvedic Serum For Scars & Blemishes, 10ml",,12 x 6 x 6 cm; 60 Grams,30 April 2021,"Blupin Technologies, R.I.Ayurved Research Labs, Blupin Technologies Private Limited",B093WYXPKV,,India,60 g,12 x 6 x 6 Centimeters,10 millilitre,https://m.media-amazon.com/images/I/61Ha46WDYdL._SY355_.jpg,https://m.media-amazon.com/images/I/71EuETD5wES._SY355_.jpg,https://m.media-amazon.com/images/I/611kuMHlHwS._SY355_.jpg,https://m.media-amazon.com/images/I/71YgqCoqVVL._SY355_.jpg,https://m.media-amazon.com/images/I/61pWvTSUxlS._SY355_.jpg,https://m.media-amazon.com/images/I/71G4jkOzstS._SY355_.jpg,,,,,,₹808.00,,N/A,"GREET YOUTHFUL RADIATING GLOW: Embrace ageless beauty and brighter fresh glow with Mylo Veda Facial Beauty Kumkumadi Tailam Oil. Infused with the natural goodness of Saffron, Vetiver, Sandalwood, Lotus, and Goat Milk, the facial oil is an elixir of beauty giving your skin a brighter, nourished, and hydrated boost of radiance.
IMPROVES SKIN ELASTICITY & REDUCES BLEMISHES: Enriched with bioactive agents, our Kumkumadi Tailam oil helps in reducing blemishes, dark spots, discoloration, and pigmentation. Vetiver & Saffron in the oil helps in reducing fine lines and lightens complexion while Lotus and Wild Himalayan Cherry improves skin elasticity and texture maintaining clearer and healthier skin.
SMOOTHER, HYDRATED & NOURISHED SKIN: Blended with perfection, our facial beauty serum is deeply nourishing and moisturizing to soothe dull, dry, and damaged skin. Packed with natural sandalwood extract and goat milk, the facial oil softens your skin, smoothens its texture, and locks in hydration giving you a nourished even-toned look.
NATURAL INGREDIENTS FOR ALL SKIN TYPES: Our Kumkumadi Tailam face serum is made with pure ingredients that make it suitable for all skin types. Its ayurvedic ingredients nourishes and restores your skin’s pH balance keeping it free from irritations and reactions. Tired of dry, oily, acne-prone, or combination skin - our facial oil is definitely the solution for you!
100% CERTIFIED, CRUELTY-FREE, SULPHATE & PARABEN-FREE: At Mylo, we ensure that our products are made with high-quality ingredients that are cruelty-free, paraben-free, Phthalates & Sulfate-free, Allergy-free, and completely vegan & natural. Certified for their safety and purity, our products are free from harmful chemicals, oils, preservatives, and toxins ensuring complete safety from irritations and unwanted damage."
https://www.amazon.in/Herbals-Ayurvedic-Remover-Refreshing-Certified/dp/B09GXJTJJ3/ref=sr_1_32_mod_primary_new?crid=XLNL99H54D83&keywords=ayurvedic+face+care&qid=1677937380&sbo=RZvfv%2F%2FHxDF%2BO5021pAnSA%3D%3D&sprefix=ayurvedic+face+car%2Caps%2C969&sr=8-32,"Mellow Herbals Ayurvedic Rose Water/Gulab Jal Spray (100ML) for Face Toner, Skin Toner & Makeup Remover | Natural Mist Toner for Refreshing Skin | Ayush Certified | GMO And Paraben Free",,20 x 8 x 8 cm; 130 Grams,25 June 2021,"Marudhar Herbals , Chirawa Rajasthan, Marudhar Herbals , Chirawa Rajasthan",B09GXJTJJ3,,India,130 g,20 x 8 x 8 Centimeters,100.00 millilitre,https://m.media-amazon.com/images/I/71Nlq0+XMPL._SY450_.jpg,https://m.media-amazon.com/images/I/71+2pPH-CsL._SY450_.jpg,https://m.media-amazon.com/images/I/61fYFBPRElL._SY450_.jpg,https://m.media-amazon.com/images/I/61SMuZwPbaL._SY450_.jpg,https://m.media-amazon.com/images/I/71Nlq0+XMPL._SY450_.jpg,https://m.media-amazon.com/images/I/71VES1NXtYL._SY450_.jpg,,,,,,"₹260
00",260,-5%,"Mellow picks up one of the finest herbal ingredients, and all products are manufactured in our technically equiped plant under stringent quality controls and conforms to GMP
Close to nature : Mellow Rose Water is curated with the real extracts of rose petals. This Rosewater is loaded with anti-inflammatory properties that will effectively work to reduce redness, helps you get rid of acne. This Rose Water can be used as a great cleanser for your skin because it helps remove excess oil and dirt that accumulates in clogged pores.
Key ingredients : Mellow's rose water is made with the goodness of Rose Petals. Rose petals help soothe the skin and maintain good texture. The natural oils in those petals help retain the skin’s moisture therefore it looks smooth and soft. It reduces imperfections and promotes an even and glowing skin tone. Rose petals are also extremely beneficial to those with sensitive skin. It even acts as an excellent sun block.
How to use : Use it as a skin toner or a refreshing face mist. Can be used regularly
Purity at its Best : No Triclosan, No Sulphate, No Silicon, No Synthetic Fragrance, No Paraben"
https://www.amazon.in/Khadi-Natural-Rose-Orange-Face/dp/B00FZHA3PK/ref=sr_1_33?crid=XLNL99H54D83&keywords=ayurvedic+face+care&qid=1677937380&sprefix=ayurvedic+face+car%2Caps%2C969&sr=8-33,Khadi Natural Ayurvedic Rose & Orange Face Pack | Face Pack for Glowing Skin | Natural Face Pack for Exfoliating Skin | Free from Harsh Chemicals | Suitable for All Skin Types,No,6.3 x 6.3 x 3.8 cm; 50 Grams,18 October 2013,"Khadi Naturals, Khadi Naturals, Khadi Natural Healthcare703 - 704 C58, Community Center Shahpuri Tower Janakpuri - 110058 Contact No: accounts@khadinatural.com",B00FZHA3PK,B00FZHA3PK,India,50 g,6.3 x 6.3 x 3.8 Centimeters,50.0 gram,https://m.media-amazon.com/images/I/71pH+tH2m6L._SY355_.jpg,https://m.media-amazon.com/images/I/71pH+tH2m6L._SY355_.jpg,,,,,,,,,,"₹98
00",98,-30%,"Take 5 gms of Khadi face pack Neem and mix it with rose water, plain water or milk
Apply a thin layer all over your face, neck, shoulders and chest area
Leave on at least for roughly 10-15 minutes
Splash with water and then gently scrub to exfoliate
Rinse off
Glow
Luster"
https://www.amazon.in/Medimix-Ayurvedic-Antipimple-Cleanser-100-Pack/dp/B07CVCB38B/ref=sr_1_34?crid=XLNL99H54D83&keywords=ayurvedic+face+care&qid=1677937380&sprefix=ayurvedic+face+car%2Caps%2C969&sr=8-34,"Medimix Ayurvedic Anti Pimple Face Pack, 100ml (Pack of 2)",No,17 x 6 x 8 cm; 100 Grams,3 May 2018,"CHOLAYIL PRIVATE LIMITED, CHOLAYIL PRIVATE LIMITED , 1/106, Srikalahasti Road, Tada, Andhra Pradesh-524401; 086232 49346",B07CVCB38B,MDX-ANTPIM-FP-002,India,100 g,17 x 6 x 8 Centimeters,2 count,"https://m.media-amazon.com/images/I/81acEEkdzvL._SY450_PIbundle-2,TopRight,0,0_SX341SY450SH20_.jpg",https://m.media-amazon.com/images/I/71wxsFtR3CL._SY355_.jpg,https://m.media-amazon.com/images/I/711nqvipeWS._SY355_.jpg,https://m.media-amazon.com/images/I/71n0bjRpdFL._SY355_.jpg,https://m.media-amazon.com/images/I/71fxuyVfomL._SY355_.jpg,https://m.media-amazon.com/images/I/612l05TPHZL._SY355_.jpg,,,,,,"₹192
00",192,-20%,"For Pimple and Acne free skin use Medimix Ayurvedic Anti Pimple Face Pack
Cinnamon helps to fight acne-causing bacteria.
Natural goodness of Multani Mitti will cleanses the skin and removes impurities.
Ingredients: Multani Mitti, Cinnamon and Neem
Also Available in: 100ml - Pack of 1, Pack of 2 and Pack of 3; 50ml - Pack of 1, Pack of 2, Pack of 3 and Pack of 4
Best Before 24 months from the date of Manufacture"
https://www.amazon.in/Vedix-HydroMatte-Yashtimadhu-Customized-Moisturizer/dp/B098LG4C2Z/ref=sr_1_35?crid=XLNL99H54D83&keywords=ayurvedic+face+care&qid=1677937380&sprefix=ayurvedic+face+car%2Caps%2C969&sr=8-35,"Vedix Niraj HydroMatte Oil Free Face Gel For Normal Skin With Yashtimadhu, Lotus and Sariva l Customized Ayurvedic Face Moisturizer - 40 ml",,,3 July 2021,Vedix,B098LG4C2Z,,India,80 g,,40.0 millilitre,https://m.media-amazon.com/images/I/51CsvUp0waS._SY355_.jpg,https://m.media-amazon.com/images/I/61eia2C7WHS._SY355_.jpg,https://m.media-amazon.com/images/I/51CsvUp0waS._SY355_.jpg,https://m.media-amazon.com/images/I/51agTZBMXES._SY355_.jpg,https://m.media-amazon.com/images/I/51I14ryZ7RS._SY355_.jpg,https://m.media-amazon.com/images/I/51P8WBdjBtS._SY355_.jpg,https://m.media-amazon.com/images/I/51dTSB-DknS._SY355_.jpg,,,,,₹399.00,,N/A,"CUSTOMIZED AYURVEDIC FACE MOISTURIZER FOR NORMAL SKIN: An ayurvedic daily use moisturizer specially formulated for normal skin that hydrates and restores your skin barrier.
BALANCES THE PRODUCTION OF NATURAL OILS ON SKIN: Deep nourishing lightweight moisturizing gel that balances the production of natural oils on the skin, making it healthy & glowing after every use.
INHIBITS GROWTH OF MICROBES LEADING TO ACNE AND OTHER SKIN INFECTIONS: This contains anti-microbial properties that protect the skin from acne-causing bacteria. It also reduces the appearance of acne scars and other blemishes.
BACKED BY AYURVEDIC EXPERTS: Formulated by Ayurvedic Physicians, the moisturizer contains safe and effective herbal ingredients. It is free from harmful chemicals like Silicone, Paraben, etc. Vedix offers customized products that are 100% safe and effective for your skin. "
https://www.amazon.in/Vedix-HydroPlenish-Moisturizing-Customized-Moisturizer/dp/B098LJ7H44/ref=sr_1_36?crid=XLNL99H54D83&keywords=ayurvedic+face+care&qid=1677937380&sprefix=ayurvedic+face+car%2Caps%2C969&sr=8-36,"Vedix Sthavi HydroPlenish Moisturizing Face Cream For Dry/Sensitive Skin With Lotus, Aloe Vera and Usheera l Customized Ayurvedic Face Moisturizer - 40 ml",,,3 July 2021,Vedix,B098LJ7H44,,India,80 g,,40.0 millilitre,https://m.media-amazon.com/images/I/51aSs3uxHxS._SY355_.jpg,https://m.media-amazon.com/images/I/61eia2C7WHS._SY355_.jpg,https://m.media-amazon.com/images/I/51Iu6N6wiXS._SY355_.jpg,https://m.media-amazon.com/images/I/51I14ryZ7RS._SY355_.jpg,https://m.media-amazon.com/images/I/51aSs3uxHxS._SY355_.jpg,https://m.media-amazon.com/images/I/610mWNpyjcS._SY355_.jpg,https://m.media-amazon.com/images/I/51ZumUfR7GS._SY355_.jpg,,,,,₹399.00,,N/A,"CUSTOMIZED AYURVEDIC FACE MOISTURIZER FOR DRY/SENSITIVE SKIN: An Ayurvedic daily use moisturizer specially formulated for dry/sensitive skin. It hydrates your skin and restores its barrier.
HYDRATES & RESTORES DAMAGE CAUSED BY DRYNESS: Deeply nourishes and increases moisture retention in the skin. Improves overall skin texture, making it healthy & glowing after every use.
INHIBITS GROWTH OF MICROBES LEADING TO ACNE AND OTHER SKIN INFECTIONS: Contains anti-microbial properties that protect skin from acne-causing bacteria. It also reduces the appearance of acne scars and other blemishes.
BACKED BY AYURVEDIC EXPERTS: Formulated by Ayurvedic Physicians, the moisturizer contains safe and effective herbal ingredients. It is free from harmful chemicals like Silicone, Paraben, etc. Vedix offers customized products that are 100% safe and effective for your skin."
https://www.amazon.in/Blue-Nectar-Ayurvedic-Brightening-Lightening/dp/B0755CQZST/ref=sr_1_37?crid=XLNL99H54D83&keywords=ayurvedic+face+care&qid=1677937380&sprefix=ayurvedic+face+car%2Caps%2C969&sr=8-37,Blue Nectar Ayurvedic Brightening Cream and Lightening Face Moisturizer | Face Cream for Men,No,7.5 x 7.5 x 7.5 cm; 50 Grams,25 August 2017,"Sanjivan Anusandhan Pvt Ltd, Sanjivan Anusandhan Pvt Ltd, 1880,HSIIDC,Sonepat,Haryana",B0755CQZST,FCSBRC050SSM,India,50 g,7.5 x 7.5 x 7.5 Centimeters,50.0 gram,https://m.media-amazon.com/images/I/71KW4HcD9SL._SY355_.jpg,https://m.media-amazon.com/images/I/71KW4HcD9SL._SY355_.jpg,https://m.media-amazon.com/images/I/61p-NX1rP7L._SY355_.jpg,https://m.media-amazon.com/images/I/51Y33lo11-L._SY355_.jpg,https://m.media-amazon.com/images/I/61KaEW4BuEL._SY355_.jpg,https://m.media-amazon.com/images/I/617BiI2j8ZL._SY355_.jpg,https://m.media-amazon.com/images/I/514DcqLwvcL._SY355_.jpg,,,,,₹828.75,,N/A,"HELPS REDUCE UNEVEN SKIN TONE: It may also help to lighten the skin
MOISTURISES THE SKIN: Light, non greasy face cream that helps to moisturise the skin without making it look oily
AYURVEDIC HERBAL PREPARATION: Made from choices of herbs that are believed to help relieve dark circles and produce a radiant skin effect
SUITABLE FACE CREAM FOR MEN: Many users have reported visible effect in 3-4 weeks time.
#SavetheBlue - Water is the Blue Nectar of Life. We have pledged to raise the levels of underground water by 10 million litres by Oct ’23. Every time you buy from us, we contribute towards saving water."
https://www.amazon.in/Ozone-Tan-Face-Pack-100/dp/B095P6LPSL/ref=sr_1_38?crid=XLNL99H54D83&keywords=ayurvedic+face+care&qid=1677937380&sprefix=ayurvedic+face+car%2Caps%2C969&sr=8-38,Ozone Ayurvedics D Tan Face Pack 100 G - Tan Removal & Oil Control,No,5 x 5 x 5 cm; 100 Grams,20 May 2021,"Ozone Pharmaceuticals Ltd, Ozone Pharmaceuticals Ltd, New Delhi",B095P6LPSL,,India,100 g,50 x 50 x 50 Millimeters,100.0 gram,https://m.media-amazon.com/images/I/41bXLC9oZ7L._SY355_.jpg,https://m.media-amazon.com/images/I/41bXLC9oZ7L._SY355_.jpg,https://m.media-amazon.com/images/I/61T1F9Ze66L._SY355_.jpg,https://m.media-amazon.com/images/I/51dCDoORp2L._SY355_.jpg,https://m.media-amazon.com/images/I/61VKM84UggL._SY355_.jpg,https://m.media-amazon.com/images/I/619InKSyT5L._SY355_.jpg,https://m.media-amazon.com/images/I/51L-QSS7vvL._SY355_.jpg,,,,,"₹219
00",219,-20%,"Bacterial Resistive composition - Herbal D-tan pack with anti-bacterial properties that layers protection against skin bacteria and harmful micro-organisms. Natural remedy in pimples, skin tans, skin infections etc.
Natural Skin guard - Ayurvedic anti-tan pack help scrape dead skin cells off the skin’s surface avoiding bacterial settlement on the skin pores and surface. Feasible solution in clogged pores, dry patches.
Inherits Antibiotic properties - Potent sun tan remover with antibiotic properties that help restrict bacterial and fungal growth on the skin. An effective means to limit the spread of fungal infection in skin infection.
Effective D Tanner - Organic extracts in Ozone anti tan solution acts as an astringent, beneficial in eliminating excess oil and helps in skin toning. Natural solution in pore-coagulation and acne.; Sun Tan Remover with Anti-oxidative features – Ayurvedic D-tan pack rich in vitamin C and anti-oxidative attributes helpful to withstanding oxidative stress like the UV radiation.
Collection Name: Summer Anti Tanning Face Pack"
https://www.amazon.in/Matra-Haldi-Chandan-Ubtan-Face/dp/B08JY6W7PQ/ref=sr_1_39?crid=XLNL99H54D83&keywords=ayurvedic+face+care&qid=1677937380&sprefix=ayurvedic+face+car%2Caps%2C969&sr=8-39,"Matra Haldi Chandan Ubtan Ayurvedic Paste Face Pack for Skin Brightening, Tan Removal and Glow With Turmeric & Sandalwood With Face Pack Brush, 100 Grams",,7 x 6 x 6 cm; 100 Grams,9 September 2020,"R.I. Ayurveda, Matra Skincare, Delhi",B08JY6W7PQ,,India,100 g,7 x 6 x 6 Centimeters,100.0 gram,https://m.media-amazon.com/images/I/61VImjGp2JL._SY355_.jpg,https://m.media-amazon.com/images/I/71TCNoRhECL._CR020412241224_UX175.jpg,https://m.media-amazon.com/images/I/61ouGCPD1iL._CR020412241224_UX175.jpg,,,,,,,,,"₹388
00",388,-20%,"✅ BEST SKIN LIGHTENING & BRIGHTENING FACE PACK: This Ubtan with Haldi-Chandan brightens skin and gives it a golden glow. It lightens the skin and clarifies complexion, rejuvenates skin and gives it a natural glow. This ayurvedic face mask improves skin and texture to render a radiant complexion and clear skin.
✅ REMOVES TAN & PIGMENTATION: This Ubtan is an effective tan removing solution and helps control the damage caused by the sun. Natural oils present in Sandalwood further help cool and soothe sun burns. It acts as a natural bleach for the skin thus helping in the reduction of dark spots and pigmentation.
✅ REDUCES ACNE & BLACKHEADS: It helps to remove acne as well as excess oil from the skin. Turmeric has anti-bacterial properties and hence effectively kills acne causing bacteria and further helps to get rid of blackheads.
✅ ANTI-AGING & REDUCES WRINKLES: Our Haldi Chandan Face Pack helps in reducing wrinkles and other signs of ageing. It further helps relax eyes and to reduce puffiness and under eye circles.
✅ NATURAL GLOW PACK SUITABLE FOR ALL: Our Ubtan Face Pack is natural, free from parabens, sulphates, harmful chemicals, glycols, petrochemicals and phthalates. It is suitable for both men and women and all skin types."
https://www.amazon.in/Sebamed-Clear-Face-Care-50ml/dp/B06XSQ879T/ref=sr_1_40?crid=XLNL99H54D83&keywords=ayurvedic+face+care&qid=1677937380&sprefix=ayurvedic+face+car%2Caps%2C969&sr=8-40,Sebamed Clear Face Care Gel 50Ml|Ph 5.5|Acne Prone Skin|Hyaluron & Aloe Vera|Water Based Moisturiser,No,12.4 x 5 x 3.8 cm; 0.07 Grams,23 March 2017,Sebapharma,B06XSQ879T,SEB0021,,0.07 g,12.4 x 5 x 3.8 Centimeters,50.0 millilitre,https://m.media-amazon.com/images/I/61p5M+I2RBL._SY355_.jpg,https://m.media-amazon.com/images/I/716Sz9m0vGL._SY355_.jpg,https://m.media-amazon.com/images/I/71BLM4cQ-vL._SY355_.jpg,https://m.media-amazon.com/images/I/61p5M+I2RBL._SY355_.jpg,https://m.media-amazon.com/images/I/71Sk9BjjtzL._SY355_.jpg,https://m.media-amazon.com/images/I/71kS7tjMa8L._SY355_.jpg,https://m.media-amazon.com/images/I/71927EtwTHL._SY355_.jpg,,,,,"₹366
00",366,-23%,"Panthenol supports the healing of acne lesions
Hyaluronic acid increases the moisturizing binding capacity of the skin
Aloe barbadensis soothes irritated skin"
https://www.amazon.in/Blue-Nectar-Kumkumadi-Ayurvedic-Radiance/dp/B01IZAWOSC/ref=sr_1_41?crid=XLNL99H54D83&keywords=ayurvedic+face+care&qid=1677937380&sprefix=ayurvedic+face+car%2Caps%2C969&sr=8-41,"Blue Nectar Kumkumadi Tailam Face Serum with Saffron, Ayurvedic Kumkumadi Face Oil for Glowing Skin (26 Herbs, 10ml)",No,12 x 8 x 8 cm; 60 Grams,23 July 2016,"Kapsa Wellness, Sanjivan Anusandhan Pvt Ltd 1880 HSIIDC, Rai Sonepat 131028",B01IZAWOSC,Q3-GQN3-V877,India,60 g,12 x 8 x 8 Centimeters,10 millilitre,https://m.media-amazon.com/images/I/61UH4Eqin-L._SY355_.jpg,https://m.media-amazon.com/images/I/71UhPcvn13L._CR020412241224_UX175.jpg,https://m.media-amazon.com/images/I/71iqJ00BgKL._CR020412241224_UX175.jpg,https://m.media-amazon.com/images/I/81CpZKU1FZL._CR020412241224_UX175.jpg,,,,,,,,₹815.00,,N/A,"SKIN BRIGHTENING SERUM- Blue Nectar Kumkumadi Oil is crafted with a unique blend of face oils and skin revitalizing herbs like Saffron & Sandalwood that work efficaciously in improving the appearance of dark spots, dry or patchy skin, resulting in skin that’s bright and radiant.
ELIXIR FOR ANTI AGING- The collagen boosting properties of the herbs like Saffron in this anti-aging serum Saffron help ameliorate the elasticity of skin and improve the appearance of fine lines, wrinkles, crow feet & smile lines. Mulethi helps improve the skin texture thus maintaining a healthier and younger looking skin.
HYDRATED & NOURISHED SKIN – The face serum is deeply nourishing and moisturizing to soothe dull, dry, or damaged skin. This face oil softens the skin, smoothens its texture, and locks in hydration, giving a nourished even-toned look.
YOUTHFUL APPEARANCE OF THE SKIN-The luxurious kumkumadi oil along with other natural herbs help in enhancing skin radiance, refines textures and fine lines. Naturally scented with pure botanical blend of oils for illuminating skin naturally.
SKIN REJUVENATING HERBS- Classical kumkumadi face oil for glowing skin is formulated with pure ayurvedic herbs like Saffron, Nagkesar, Manjistha, Forest Honey etc that nourish and revitalize the skin from deep within.
LIGHT WEIGHT & NON-GREASY FEEL- This face oil for glowing skin has a light texture and absorbs quickly into your skin, without making it feel heavy and sticky. Regular use of just 1-2 drops of this authentic Kumkumadi Tailam for 2-3 months helps improve face glow and even out skin tone.
100% NATURAL & CRUELTY FREE- This serum for face has no chemicals. Free from Paraben, SLS, SLES & Mineral Oil. Always Cruelty Free. This kumkumadi tailam for face works well for all skin types, including sensitive skin. Apply 1-2 drops, and massage gently in an upward motion to experience a radiant and glowing skin."
https://www.amazon.in/Vedix-Brightening-Yashtimadhu-Customized-Ayurvedic/dp/B098LH4QZN/ref=sr_1_42?crid=XLNL99H54D83&keywords=ayurvedic+face+care&qid=1677937380&sprefix=ayurvedic+face+car%2Caps%2C969&sr=8-42,"Vedix Vitamin C Face Serum, Customised Ayurvedic Aloka VC Brightening Face Serum, With Amla + Yashtimadhu + Jambira For Tanned Skin - 20 ml",,18 x 3 x 3 cm; 90 Grams,3 July 2021,,B098LH4QZN,,India,90 g,18 x 3 x 3 Centimeters,20.0 millilitre,https://m.media-amazon.com/images/I/51AI8VtjS7S._SY355_.jpg,https://m.media-amazon.com/images/I/61eia2C7WHS._SY355_.jpg,https://m.media-amazon.com/images/I/51Al0tztsgS._SY355_.jpg,https://m.media-amazon.com/images/I/51HP6r+j0uS._SY355_.jpg,https://m.media-amazon.com/images/I/51edzZKkuRS._SY355_.jpg,https://m.media-amazon.com/images/I/51AI8VtjS7S._SY355_.jpg,,,,,,₹399.00,,N/A,"CUSTOMIZED AYURVEDIC VITAMIN C FACE SERUM FOR TANNED SKIN: An Ayurvedic daily use face serum specially formulated for tanned skin thathas the goodness of Amla, Lemon & Yashtimadhu restores damage caused by suntan.
RESTORES DAMAGE CAUSED BY SUN: The potent Vitamin C formula protects skin from the harmful UV rays, keeps skin hydrated, and brightens uneven skin tone caused by tan.
BRIGHTENS SKIN TONE: The antioxidants in the brightening face serum fades blemishes, dark spots, patches and pigmentation.
BACKED BY AYURVEDIC EXPERTS: Formulated by Ayurvedic Physicians, the serum contains safe and effective herbal ingredients. It is free from harmful chemicals like Silicone, Paraben, etc. Vedix offers customized products that are 100% safe and effective for your skin.
Item Form: Drop"
https://www.amazon.in/Naturals-Brightening-Protective-Ayurvedic-Moisturizer/dp/B09MG4W2RS/ref=sr_1_43?crid=XLNL99H54D83&keywords=ayurvedic+face+care&qid=1677937380&sprefix=ayurvedic+face+car%2Caps%2C969&sr=8-43,Purple Naturals Haldi & Chandan Cream Soft Sooth Brightening Glow Skin Protective Natural Ayurvedic Herbals Moisturizer Fairness Face Massage Cream For All Skin Types (50Gm),,16 x 14 x 12 cm; 50 Grams,22 November 2021,"Ananya Style, Bada Ganpati",B09MG4W2RS,PN_Haldi_Chandan_Cream,India,50 g,16 x 14 x 12 Centimeters,50.0 gram,https://m.media-amazon.com/images/I/51wStkGoI-L._SY355_.jpg,https://m.media-amazon.com/images/I/61jut4oTFBL._SY355_.jpg,https://m.media-amazon.com/images/I/51wStkGoI-L._SY355_.jpg,https://m.media-amazon.com/images/I/61ty6X+eCNL._SY355_.jpg,https://m.media-amazon.com/images/I/61XppbKcGoL._SY355_.jpg,https://m.media-amazon.com/images/I/61CEe7jjOQL._SY355_.jpg,https://m.media-amazon.com/images/I/614osGiL+0L._SY355_.jpg,,,,,"₹220
00",220,-54%,"🌱 Natural Ayurvedic Ingredients: Purple Natural Haldi Chandan cream is natural herbal cream made in India product it is made with Haldi Extract, Chandan Extract, Olive Oil, Honey, Almond oil, Aloe Vera Extract, Glycerin, Beeswax. Haldi is an antibiotic medicine that is a perfect healer as it restores skin’s suppleness in a non-abrasive natural way
✔️ Antioxidant Based Formula:: Haldi or Chandan is a magical ingredient for skin cells as it helps remove dead skin cells and improves skin tone. It rejuvenates and nourishes dry skin. Enriched with antioxidants, it defies the early signs of ageing
👩 Soft Glowing Skin: The formulation helps you achieve that youth like supple glow with regular use. This natural ayurvedic ingredient for helping to enhance the skin texture and protects the skin against harmful sun rays, pollutants, and irritants as well as helps to provide the clear healthy soft supple glowing skin
👫 Suitable For All: Purple Naturals Haldi Chandan Cream is free from chemicals, parabens and petrochemicals, that is ayurvedic remedies that help to clear glowing skin. Haldi Chandan creams are a beneficial ayurvedic cream for the face which makes it useful for men also; they can use it regularly and day to day makes relaxing and refreshing skin. It is most suitable for all seasons and skin types
😊 How to Use: Wash your face with mild face wash. Apply the cream in dots all over the face. Gently massage in an upward direction. You can use it any time of the day, however, using it at night regularly gives the best results. The cream that will make you fall in love with your skin. We believe it is the perfect solution for personal care such as skincare"
https://www.amazon.in/Lever-Ayush-Aloe-Vera-Cooling/dp/B07KGF6BBG/ref=sr_1_44?crid=XLNL99H54D83&keywords=ayurvedic+face+care&qid=1677937380&sprefix=ayurvedic+face+car%2Caps%2C969&sr=8-44,"Lever Ayush Natural Ayurvedic Aloe Vera Cooling Face Gel, 150 g",No,15.9 x 7.5 x 5 cm; 150 Grams,20 January 2019,"Herbal Concepts, Herbal Concepts,Haridwar, Uttaranchal, India",B07KGF6BBG,27012,India,150 g,15.9 x 7.5 x 5 Centimeters,150.0 gram,https://m.media-amazon.com/images/I/51ojD9TpufL._SY355_.jpg,https://m.media-amazon.com/images/I/51ojD9TpufL._SY355_.jpg,https://m.media-amazon.com/images/I/51S10O-3AiL._SY355_.jpg,https://m.media-amazon.com/images/I/51Dx96wBhxL._SY355_.jpg,,,,,,,,"₹93
50",93,-15%,"Gives Fresh & moisturised Skin
Aloe Vera Juice heals, soothes, & nourishes skin
Panchakavadi Tailam treats blemishes
Removes excess oil
Leaves Skin Clean & Clear
Gives cool & fresh feeling"
https://www.amazon.in/Ayurvedic-Pomegranate-Acne-spot-ingredients-Moisturises/dp/B09GYP5SSY/ref=sr_1_45?crid=XLNL99H54D83&keywords=ayurvedic+face+care&qid=1677937380&sprefix=ayurvedic+face+car%2Caps%2C969&sr=8-45,"Veda5 Ayurvedic Pomegranate & Kakadu Plum Face Pack Powder | For Skincare, Acne-spot Treatment | 100% natural ingredients | Hydrates & Moisturises, 100g - Himalayan Naturals",,8 x 2 x 8 cm; 100 Grams,4 October 2021,"Veda5 Wellness (Pharmacy Div) P.O Maral, Pauri Garhwal, Uttarakhand, info@veda5naturals.com",B09GYP5SSY,,India,100 g,8 x 2 x 8 Centimeters,100.0 gram,https://m.media-amazon.com/images/I/61PCRe7aIaL._SY355_.jpg,https://m.media-amazon.com/images/I/61Hpcohtl7L._SY355_.jpg,https://m.media-amazon.com/images/I/61flEDxx+4L._SY355_.jpg,https://m.media-amazon.com/images/I/61PCRe7aIaL._SY355_.jpg,https://m.media-amazon.com/images/I/61tfe5pMqQL._SY355_.jpg,https://m.media-amazon.com/images/I/6107Y1UxoeL._SY355_.jpg,https://m.media-amazon.com/images/I/617WxwPzBIL._SY355_.jpg,,,,,"₹360
00",360,-10%,"Keep your skin hydrated and nourished with this Veda5 Ayurvedic Pomegranate and Kakadu Plum Powder Face mask. Controls excessive oil production on the skin; Give your skin an oil-free, dewy appearance.
Removes dead skin cells as well as damaged skin; Prevents acne & skin blemishes; Heals sunburned skin caused by UV-A/UV-B radiation.
100% certified: made in India at our GMP (good manufacturing practices) certified facility. There are no chemical preservatives, and the product is gmo and cruelty-free.
To use, combine Veda5 Ayurvedic Pomegranate and Kakadu Plum Powder in a dish. Slowly pour in the water and thoroughly mix it up. Make a paste that is not too thick, not too watery, and not too lumpy. The consistency should be sufficient to spread smoothly across your skin. Apply this paste to your skin and let it on for 15-20 minutes, or until it dries. Once the mask has dried, rinse it off with lukewarm water."
https://www.amazon.in/Botanic-Rain-Pomegranate-Strawberry-Exfoliating/dp/B09N3H1YTY/ref=sr_1_46?crid=XLNL99H54D83&keywords=ayurvedic+face+care&qid=1677937380&sprefix=ayurvedic+face+car%2Caps%2C969&sr=8-46,"Botanic Rain Ayurvedic Face Scrub With Pomegranate, Strawberry & Kumkumadi OIL, Organic Natural Scrub For Face For Every Skin Type - 50 gms",,6.3 x 6.3 x 8 cm; 50 Grams,6 December 2021,"Botanic Rain, Sanjivan Anusandhan Pvt. Ltd, care@botanicrain.co, +918766245532",B09N3H1YTY,Ojas,India,50 g,6.3 x 6.3 x 8 Centimeters,50.00 gram,https://m.media-amazon.com/images/I/61h329RUA4L._SY355_.jpg,https://m.media-amazon.com/images/I/61FYMkWn3PL._SY355_.jpg,https://m.media-amazon.com/images/I/61mIrxErgxL._SY355_.jpg,https://m.media-amazon.com/images/I/61h329RUA4L._SY355_.jpg,https://m.media-amazon.com/images/I/71RRlYf2QwL._SY355_.jpg,https://m.media-amazon.com/images/I/61YYVPz8InL._SY355_.jpg,https://m.media-amazon.com/images/I/61cs3Nx5ClL._SY355_.jpg,,,,,"₹545
00",545,-32%,"Exfoliates Deeply, Polishes Skin, Removes Blackheads - Face scrub for women to an even tone skin. Face scrub for men polishes your skin & removes blackheads. Use this exfoliate scrub for face twice a week to deep cleanse the skin.
Exfoliate White Moisturizing The Skin - Twice a week use scrub for men to remove all the dirt & grime settled in the pores. Get back your natural skin glow with exfoliating scrub. This tan removal scrub can help your skin become firmer, smoother and more radiant.
Fights Free Radical Damage - Sandalwood present in this walnut scrub for face works to prevents free radical formation thus delaying signs of ageing. This anti aging scrub for women, clean spores & improve skin allowing the skin to breathe & maintaining the moisture of the skin. Crafted with kumkumadi tailam the face scrub for oily skin boosts of anti aging & wrinkle repair properties.
Face Scrub For Glowing Skin - Walnut shell acts as natural exfoliator for face cleaning out the pores, gently buffing out dry skin & dead cells resulting in dark spot removal, reducing the appearance of blemishes, spots, & pigmentation. Men face scrub works perfectly & provides improved texture of the skin.Our exfoliating de tan scrub cleanses the pores
Made With Ayurvedic Ingredients - Ayurvedic walnut scrub is free from sulphates & paraben does not contain any harmful chemicals. Our face scrub for dry skin is infused with essential oils & natural products. Made In India, Dermatologically checked detan scrub."
https://www.amazon.in/Nuskhe-Paras-Ayurvedic-Glass-Water/dp/B09J8NF912/ref=sr_1_47_mod_primary_new?crid=XLNL99H54D83&keywords=ayurvedic+face+care&qid=1677937380&sbo=RZvfv%2F%2FHxDF%2BO5021pAnSA%3D%3D&sprefix=ayurvedic+face+car%2Caps%2C969&sr=8-47,Nuskhe By Paras Ayurvedic Glass Skin Rice Water Face Mist - 100 gm | RICE Water | Vitamin C | Papaya | Licorice | Watermelon | Jojoba | Improve Skin Tone | Reduces Scars | Minimizing Pores | Skin Glow Pack O f 1,,13 x 3 x 3 cm; 100 Grams,12 October 2021,Unico Pharmaceuticals,B09J8NF912,,India,100 g,13 x 3 x 3 Centimeters,100 gram,https://m.media-amazon.com/images/I/61WjyD707GL._SY450_.jpg,https://m.media-amazon.com/images/I/61W2FMdCkcL._SY450_.jpg,https://m.media-amazon.com/images/I/71x3gVqUuDL._SY450_.jpg,https://m.media-amazon.com/images/I/714ILAk-uwL._SY450_.jpg,https://m.media-amazon.com/images/I/61WjyD707GL._SY450_.jpg,,,,,,,"₹284
05",284,-53%,"RICE Water-Anti-ageing & Helps minimizing pores & helps skin glow
Vitamin C : Helps Improve skin tone & reduces scars
Papaya , Licorice & Watermelon : Helps build Collagen & improve elasticity of the skin
Jojoba seed oil : Helps heal scars and fade stretch marks
Directions of use: Use morning and night on a cleansed face"
https://www.amazon.in/Just-Herbs-Herbal-Nourishing-Massage/dp/B07DLDMKQ4/ref=sr_1_48?crid=XLNL99H54D83&keywords=ayurvedic+face+care&qid=1677937380&sprefix=ayurvedic+face+car%2Caps%2C969&sr=8-48,"Just Herbs Ayurvedic Herbal Nourishing Face Moisturizing Massage Cream For Dull & Dry Skin - Parabens, SLS Free 100 gm",No,6.2 x 6.2 x 5.9 cm; 100 Grams,22 April 2018,"Apcos Naturals Pvt Ltd, Apcos Naturals Pvt Ltd, Plot no 202 , Industrial Focal Point, Phase 9 Mohali 160062, 0172 -5027145",B07DLDMKQ4,JHNMC,India,100 g,6.2 x 6.2 x 5.9 Centimeters,100.0 gram,https://m.media-amazon.com/images/I/71QmG78Pv+L._SY450_.jpg,https://m.media-amazon.com/images/I/717Pt1FdO0L._SY450_.jpg,https://m.media-amazon.com/images/I/71pMplrVKvL._SY450_.jpg,https://m.media-amazon.com/images/I/71QmG78Pv+L._SY450_.jpg,,,,,,,,₹486.00,,N/A,"Quantity: 100 gms
Skin Type: Normal to Dry Skin
Pack Contain: One Massage Cream for Face
Contains certified organic Ashwagandha, Neem, Sandalwood and certified organic cold-pressed oils of Sunflower-seed, Almond and Aloe Vera
Free from petrochemicals, parabens, SLS/SLES PEG/PPG, Genetically modified ingredients(GMO) and other harmful synthetic ingredients"
https://www.amazon.in/Vedix-Customized-Visible-Signs-Ageing/dp/B097MLK7YP/ref=sr_1_49?crid=XLNL99H54D83&keywords=ayurvedic+face+care&qid=1677937380&sprefix=ayurvedic+face+car%2Caps%2C969&sr=8-49,"Vedix Ayurvedic Anti Ageing Skin Care Kit for Dry Skin, Customized Skin Care (Pack of 3) with Face Wash/Cleanser 100ml + Face Serum 20ml + Moisturizer/Face Cream 40ml For Women & Men",,,18 June 2021,Vedix,B097MLK7YP,,India,420 g,,160.0 millilitre,https://m.media-amazon.com/images/I/61In4Rdw22S._SY355_.jpg,https://m.media-amazon.com/images/I/61qjTVV8tFS._SY355_.jpg,https://m.media-amazon.com/images/I/61VSvu5f4-S._SY355_.jpg,https://m.media-amazon.com/images/I/61In4Rdw22S._SY355_.jpg,https://m.media-amazon.com/images/I/61JiZemQZaS._SY355_.jpg,https://m.media-amazon.com/images/I/618MIUTYFNS._SY355_.jpg,https://m.media-amazon.com/images/I/61vz09ArsiS._SX355_.jpg,,,,,"₹1,099.00",,N/A,"CUSTOMIZED AYURVEDIC FACIAL KIT FOR VISIBLE SIGNS OF AGEING IN DRY SKIN: Safe and effective skin care Kit for sensitive skin with acne. Facial kit includes a set of 3 products - face cleanser, serum, and moisturizer.
AYURVEDIC FACE WASH FOR CLEANSING: Customized face cleanser for dry or rough textured skin to gently cleanse and hydrate skin without stripping off its natural oils.
FACE SERUM FOR AGEING SKIN: This serum is a hydrating formula that locks moisture inside skin cells to lessen the appearance of signs of ageing.
NON_GREASY AYURVEDIC FACE MOISTURIZER: Customized to suit dry or rough textured skin, the moisturizer soothes and softens dry skin by locking in moisture, provides deep hydration, improves overall skin texture, making it healthy & glowy after every use.
BACKED BY AYURVEDIC EXPERTS: Formulated by Ayurvedic Physicians with safe and effective herbal ingredients. Silicone, Paraben, and Sulphate Free formula. Customized products that are 100% safe and effective for your skin."
https://www.amazon.in/Omved-Skin-Nagarmotha-Mask-Ayurvedic/dp/B07R4SJY3J/ref=sr_1_50?crid=XLNL99H54D83&keywords=ayurvedic+face+care&qid=1677937380&sprefix=ayurvedic+face+car%2Caps%2C969&sr=8-50,"Omved Skin Nagarmotha Natural and Ayurvedic Powder Face Pack for Glowing Skin, 100 G",,7.2 x 7.2 x 9.2 cm; 100 Grams,24 April 2019,"Omved Therapies Private Limited, Ground Floor, Gala No.4, Olympus Industrial Estate, Off Mahakali Caves Road, Andheri (E), Mumbai 400093 | Customer Care Email customercare@omved.com, Contact +91-9820132832",B07R4SJY3J,,India,100 g,7.2 x 7.2 x 9.2 Centimeters,100 gram,https://m.media-amazon.com/images/I/51CVEKDMI4L._SY355_.jpg,https://m.media-amazon.com/images/I/51M8CcFLgjL._SY355_.jpg,https://m.media-amazon.com/images/I/51CVEKDMI4L._SY355_.jpg,https://m.media-amazon.com/images/I/61xt0eV5z1L._SY355_.jpg,https://m.media-amazon.com/images/I/71VMn0hXYdL._SY355_.jpg,https://m.media-amazon.com/images/I/81J3gUSWuUL._SY355_.jpg,https://m.media-amazon.com/images/I/71WgffhAsxL._SY355_.jpg,https://m.media-amazon.com/images/I/71tLz1MhXsL._SY355_.jpg,,,,₹425.00,,N/A,"Unique contents - nagarmotha lightens and detoxifies the skin, lodhra is used to improve complexion and tone, orange peel powder gives skin its elasticity back and strengthens it
Radiant face mask - 100% natural and organic - anti-aging effect to reduce wrinkles - chemical free
Anti-ageing mask - Omved€s nagarmotha face mask helps your skin regain its youthfulness and charm lost over the years due to pollution and stress
Nourishes skin - it reduces wrinkles, fine-lines and age spots to clear your complexion; this skin pack is similar to an elixir for skin that needs hydration and nourishment
Ayurvedic formulation - carefully retrieved from ancient ayurvedic recipe it is a powerful blend of 13 highly-prized therapeutic extracts that are known to enhance the facial skin tone and texture"
https://www.amazon.in/Kapiva-Anti-Acne-Certified-Ayurvedic-Actives/dp/B0BK1QHPMZ/ref=sr_1_51?crid=XLNL99H54D83&keywords=ayurvedic+face+care&qid=1677937380&sprefix=ayurvedic+face+car%2Caps%2C969&sr=8-51,"Kapiva Tulsi Anti-Acne Serum 30 ml | For Acne & Acne Marks | Made Safe Certified,100% Ayurvedic Serum with Herbal Actives",,4 x 4 x 9 cm; 130 Grams,6 October 2022,Aura Herbal Pvt. Ltd,B0BK1QHPMZ,,India,130 g,40 x 40 x 90 Millimeters,30.0 gram,https://m.media-amazon.com/images/I/718zcQZ-WyL._SY355_.jpg,https://m.media-amazon.com/images/I/51nTakV2KHL._CR0128768768_UX175.jpg,,,,,,,,,,"₹379
00",379,-42%,"CONTROLS APPEARANCE OF NEW ACNE : Ingredients present help control the new appearance of non-inflammatory acne within 30 days of use
HELPS REDUCE EXCESS SEBUM PRODUCTION: Contains clinically tested ingredients that help in 32% decrease in sebum production within 30 days
INCREASED POTENCY WITH PANCH TULSI: Contains Van Tulsi, Arjak Tulsi, Rama tulsi, Nimbu tulsi, Tulsi. Tulsi helps in gently fighting off acne and its effects on skin
MADE SAFE, 100% AYURVEDIC: Tulsi Anti Acne Serum is 100% Made Safe Certified, Ayurvedic, All Natural with No Toxins, Parabens or Sulphates. It is vegan & allergy certified."
